13771,Nikolina,Mrsic,Elektronika i telekomunikacije,2
17282,Milan,Trivic,Racunarstvo i informatika,3
11463,Milan,Jankovic,Racunarstvo i informatika,4
11344,Zoran,Banjac,Racunarstvo i informatika,3
11965,Milica,Milic,Elektronika i telekomunikacije,2
15276,Igor,Misic,Racunarstvo i informatika,1
14697,Milica,Trivic,Elektronika i telekomunikacije,4
15308,Jovana,Petrovic,Racunarstvo i informatika,2
13189,Vanja,Mrsic,Elektronika i telekomunikacije,4
183910,Dijana,Nikolic,Racunarstvo i informatika,2
172811,Marko,Misic,Racunarstvo i informatika,3
175312,Nikola,Nikolic,Elektronika i telekomunikacije,2
160013,Vesna,Vukovic,Elektronika i telekomunikacije,2
142714,Nikolina,Grbic,Racunarstvo i informatika,3
183215,Milos,Vukovic,Racunarstvo i informatika,4
176416,Zoran,Vukovic,Racunarstvo i informatika,3
119917,Nikolina,Petrovic,Racunarstvo i informatika,1
147018,Jovica,Calic,Racunarstvo i informatika,4
155019,Vanja,Milic,Racunarstvo i informatika,4
138220,Aleksandra,Banjac,Elektronika i telekomunikacije,4
161621,Vanja,Markovic,Racunarstvo i informatika,2
151422,Vesna,Petrovic,Racunarstvo i informatika,3
111823,Milan,Trivic,Elektronika i telekomunikacije,2
136724,Ana,Peric,Elektronika i telekomunikacije,3
189225,Zoran,Jovanovic,Elektronika i telekomunikacije,4
123826,Igor,Milic,Racunarstvo i informatika,3
146627,Ana,Grbic,Elektronika i telekomunikacije,2
188028,Marko,Vukovic,Racunarstvo i informatika,3
144029,Milan,Grbic,Elektronika i telekomunikacije,3
171330,Jovana,Nikolic,Elektronika i telekomunikacije,1
181831,Nikola,Milic,Racunarstvo i informatika,2
132132,Aleksandra,Mrsic,Elektronika i telekomunikacije,2
156133,Nikola,Jovanovic,Racunarstvo i informatika,3
138034,Aleksandra,Trivic,Racunarstvo i informatika,4
180935,Milan,Misic,Elektronika i telekomunikacije,1
179836,Milan,Misic,Elektronika i telekomunikacije,2
115237,Marko,Jankovic,Elektronika i telekomunikacije,1
166138,Marko,Misic,Racunarstvo i informatika,3
167839,Zoran,Mrsic,Elektronika i telekomunikacije,2
128140,Milan,Grbic,Elektronika i telekomunikacije,4
154641,Nikolina,Misic,Racunarstvo i informatika,2
136642,Ana,Calic,Racunarstvo i informatika,1
159743,Marijana,Calic,Elektronika i telekomunikacije,3
165844,Milica,Trivic,Racunarstvo i informatika,1
148245,Aleksandra,Misic,Elektronika i telekomunikacije,2
125246,Marijana,Savic,Racunarstvo i informatika,4
119447,Marijana,Markovic,Racunarstvo i informatika,1
159448,Milan,Banjac,Racunarstvo i informatika,3
179049,Dijana,Trivic,Racunarstvo i informatika,4